"DESCRIPTION","DURATION IN MS","NAME","PARENT SUITE","START TIME","STATUS","STOP TIME","SUB SUITE","SUITE","TEST CLASS","TEST METHOD"
"","5730","Login Application 2","chromium","2026-09-26","passed","2026-09-26","","Smoke\allUsers.spec.js","",""
"","6156","Login Application 2","firefox","2026-09-26","passed","2026-09-26","","Smoke\allUsers.spec.js","",""
"","2245","Login Application 2","webkit","2026-09-26","passed","2026-09-26","","Smoke\allUsers.spec.js","",""
"","11034","login test","firefox","2026-09-26","passed","2026-09-26","","Smoke\login.spec.js","",""
"","6342","Login Application 1","chromium","2026-09-26","passed","2026-09-26","","Smoke\allUsers.spec.js","",""
"","3068","login test","webkit","2026-09-26","passed","2026-09-26","","Smoke\login.spec.js","",""
"","7778","Login Application 1","firefox","2026-09-26","passed","2026-09-26","","Smoke\allUsers.spec.js","",""
"","7835","Login Application 1","webkit","2026-09-26","passed","2026-09-26","","Smoke\allUsers.spec.js","",""
"","30340","login test","chromium","2026-09-26","broken","2026-09-26","","Smoke\login.spec.js","",""
